"","MKCD_SVM","SVM"
"RMSE",31330.2185683755,55585.7472282004
"MAE",28950.215445756,51094.2578528016
"MAPE",97.199439606955,184.914315826816
"ARV",0.576063014392038,1.00699371432274
