"","MKCD_SVM","SVM"
"RMSE",31116.070851541,57125.0548528051
"MAE",19035.469513709,52848.4551646913
"MAPE",30.1172841517794,218.2522500097
"ARV",0.170854672193406,0.978533559843614
