"","MKCD_SVM","SVM"
"RMSE",30971.9371122247,65218.21330622
"MAE",29342.2307247546,59726.0952182545
"MAPE",114.291455297451,291.09323894248
"ARV",0.417073154601581,0.793528897470437
