"","MKCD_SVM","SVM"
"RMSE",33436.5243404303,55585.7472282004
"MAE",30535.91552856,51094.2578528016
"MAPE",115.197676779403,184.914315826816
"ARV",0.516856285318224,1.00699371432274
