"","MKCD_SVM","SVM"
"RMSE",36693.3971466237,170961.26305138
"MAE",33335.385806638,156896.652766204
"MAPE",74.079195914922,338.644565868417
"ARV",0.890991553168328,0.666821802224699
